{
    "params_m": 2.226434,
    "model_size_mb": 8.493171691894531,
    "memory_mb": 8.623695373535156,
    "inference_time_ms": 6.383059024810791,
    "fps": 156.6646957380505,
    "fps_effective": 19.583086967256314
}